[
	{
		"inputs": [],
		"stateMutability": "nonpayable",
		"type": "constructor"
	},
	{
		"inputs": [
			{
				"internalType": "address",
				"name": "owner",
				"type": "address"
			}
		],
		"name": "OwnableInvalidOwner",
		"type": "error"
	},
	{
		"inputs": [
			{
				"internalType": "address",
				"name": "account",
				"type": "address"
			}
		],
		"name": "OwnableUnauthorizedAccount",
		"type": "error"
	},
	{
		"anonymous": false,
		"inputs": [
			{
				"indexed": true,
				"internalType": "uint256",
				"name": "huntId",
				"type": "uint256"
			},
			{
				"indexed": false,
				"internalType": "uint256",
				"name": "startTime",
				"type": "uint256"
			},
			{
				"indexed": false,
				"internalType": "uint256",
				"name": "endTime",
				"type": "uint256"
			},
			{
				"indexed": false,
				"internalType": "uint256",
				"name": "hitCounter",
				"type": "uint256"
			},
			{
				"indexed": false,
				"internalType": "uint256",
				"name": "durability",
				"type": "uint256"
			}
		],
		"name": "HuntEnd",
		"type": "event"
	},
	{
		"anonymous": false,
		"inputs": [
			{
				"indexed": true,
				"internalType": "uint256",
				"name": "huntId",
				"type": "uint256"
			},
			{
				"indexed": false,
				"internalType": "uint256",
				"name": "startTime",
				"type": "uint256"
			},
			{
				"indexed": true,
				"internalType": "address",
				"name": "nftContract",
				"type": "address"
			},
			{
				"indexed": true,
				"internalType": "uint256",
				"name": "weapon",
				"type": "uint256"
			},
			{
				"indexed": false,
				"internalType": "address",
				"name": "hunter",
				"type": "address"
			},
			{
				"indexed": false,
				"internalType": "address",
				"name": "location",
				"type": "address"
			},
			{
				"indexed": false,
				"internalType": "string",
				"name": "monster",
				"type": "string"
			}
		],
		"name": "HuntHasBegun",
		"type": "event"
	},
	{
		"anonymous": false,
		"inputs": [
			{
				"indexed": true,
				"internalType": "address",
				"name": "previousOwner",
				"type": "address"
			},
			{
				"indexed": true,
				"internalType": "address",
				"name": "newOwner",
				"type": "address"
			}
		],
		"name": "OwnershipTransferred",
		"type": "event"
	},
	{
		"inputs": [],
		"name": "BLAST",
		"outputs": [
			{
				"internalType": "contract IBlast",
				"name": "",
				"type": "address"
			}
		],
		"stateMutability": "view",
		"type": "function"
	},
	{
		"inputs": [],
		"name": "NFTContract",
		"outputs": [
			{
				"internalType": "contract IExtendedERC721",
				"name": "",
				"type": "address"
			}
		],
		"stateMutability": "view",
		"type": "function"
	},
	{
		"inputs": [
			{
				"internalType": "address",
				"name": "",
				"type": "address"
			}
		],
		"name": "activeHuntId",
		"outputs": [
			{
				"internalType": "uint256",
				"name": "",
				"type": "uint256"
			}
		],
		"stateMutability": "view",
		"type": "function"
	},
	{
		"inputs": [
			{
				"internalType": "address",
				"name": "",
				"type": "address"
			}
		],
		"name": "authorizedNFTContracts",
		"outputs": [
			{
				"internalType": "bool",
				"name": "",
				"type": "bool"
			}
		],
		"stateMutability": "view",
		"type": "function"
	},
	{
		"inputs": [],
		"name": "claimAllGas",
		"outputs": [],
		"stateMutability": "nonpayable",
		"type": "function"
	},
	{
		"inputs": [
			{
				"internalType": "address",
				"name": "recipientOfGas",
				"type": "address"
			},
			{
				"internalType": "uint256",
				"name": "gasToClaim",
				"type": "uint256"
			},
			{
				"internalType": "uint256",
				"name": "gasSecondsToConsume",
				"type": "uint256"
			}
		],
		"name": "claimGas",
		"outputs": [],
		"stateMutability": "nonpayable",
		"type": "function"
	},
	{
		"inputs": [
			{
				"internalType": "address",
				"name": "recipientOfGas",
				"type": "address"
			},
			{
				"internalType": "uint256",
				"name": "minClaimRateBips",
				"type": "uint256"
			}
		],
		"name": "claimGasAtMinClaimRate",
		"outputs": [],
		"stateMutability": "nonpayable",
		"type": "function"
	},
	{
		"inputs": [],
		"name": "configureClaimableGasOnBehalf",
		"outputs": [],
		"stateMutability": "nonpayable",
		"type": "function"
	},
	{
		"inputs": [],
		"name": "contractDropAddress",
		"outputs": [
			{
				"internalType": "address",
				"name": "",
				"type": "address"
			}
		],
		"stateMutability": "view",
		"type": "function"
	},
	{
		"inputs": [
			{
				"internalType": "uint256",
				"name": "huntId",
				"type": "uint256"
			}
		],
		"name": "endHunt",
		"outputs": [],
		"stateMutability": "nonpayable",
		"type": "function"
	},
	{
		"inputs": [
			{
				"internalType": "address",
				"name": "userAddress",
				"type": "address"
			}
		],
		"name": "getActiveHuntDetails",
		"outputs": [
			{
				"internalType": "uint256",
				"name": "huntId",
				"type": "uint256"
			},
			{
				"internalType": "address",
				"name": "location",
				"type": "address"
			},
			{
				"internalType": "uint256",
				"name": "weapon",
				"type": "uint256"
			},
			{
				"internalType": "uint256",
				"name": "startTime",
				"type": "uint256"
			},
			{
				"internalType": "uint256",
				"name": "endTime",
				"type": "uint256"
			},
			{
				"internalType": "string",
				"name": "monsterName",
				"type": "string"
			},
			{
				"internalType": "uint256",
				"name": "monsterWeight",
				"type": "uint256"
			}
		],
		"stateMutability": "view",
		"type": "function"
	},
	{
		"inputs": [
			{
				"internalType": "uint256",
				"name": "huntId",
				"type": "uint256"
			}
		],
		"name": "getWeaponToken",
		"outputs": [
			{
				"components": [
					{
						"internalType": "uint256",
						"name": "damage",
						"type": "uint256"
					},
					{
						"internalType": "uint256",
						"name": "attackSpeed",
						"type": "uint256"
					},
					{
						"internalType": "uint256",
						"name": "durability",
						"type": "uint256"
					},
					{
						"internalType": "uint256",
						"name": "durabilityPerUse",
						"type": "uint256"
					}
				],
				"internalType": "struct WorldOfBlastGame.WeaponToken",
				"name": "",
				"type": "tuple"
			}
		],
		"stateMutability": "view",
		"type": "function"
	},
	{
		"inputs": [],
		"name": "huntCount",
		"outputs": [
			{
				"internalType": "uint256",
				"name": "",
				"type": "uint256"
			}
		],
		"stateMutability": "view",
		"type": "function"
	},
	{
		"inputs": [
			{
				"internalType": "address",
				"name": "",
				"type": "address"
			}
		],
		"name": "huntStartTimes",
		"outputs": [
			{
				"internalType": "uint256",
				"name": "",
				"type": "uint256"
			}
		],
		"stateMutability": "view",
		"type": "function"
	},
	{
		"inputs": [
			{
				"internalType": "uint256",
				"name": "",
				"type": "uint256"
			}
		],
		"name": "hunts",
		"outputs": [
			{
				"internalType": "uint256",
				"name": "id",
				"type": "uint256"
			},
			{
				"internalType": "address",
				"name": "hunter",
				"type": "address"
			},
			{
				"internalType": "address",
				"name": "location",
				"type": "address"
			},
			{
				"internalType": "uint256",
				"name": "weapon",
				"type": "uint256"
			},
			{
				"internalType": "uint256",
				"name": "startTime",
				"type": "uint256"
			},
			{
				"internalType": "uint256",
				"name": "endTime",
				"type": "uint256"
			},
			{
				"components": [
					{
						"internalType": "uint256",
						"name": "id",
						"type": "uint256"
					},
					{
						"internalType": "string",
						"name": "name",
						"type": "string"
					},
					{
						"internalType": "uint256",
						"name": "weight",
						"type": "uint256"
					}
				],
				"internalType": "struct IMonsterContract.Monster",
				"name": "monster",
				"type": "tuple"
			},
			{
				"internalType": "address",
				"name": "nftContract",
				"type": "address"
			}
		],
		"stateMutability": "view",
		"type": "function"
	},
	{
		"inputs": [
			{
				"internalType": "uint256",
				"name": "",
				"type": "uint256"
			}
		],
		"name": "locations",
		"outputs": [
			{
				"internalType": "address",
				"name": "",
				"type": "address"
			}
		],
		"stateMutability": "view",
		"type": "function"
	},
	{
		"inputs": [
			{
				"internalType": "address",
				"name": "",
				"type": "address"
			},
			{
				"internalType": "uint256",
				"name": "",
				"type": "uint256"
			}
		],
		"name": "nftInHunt",
		"outputs": [
			{
				"internalType": "bool",
				"name": "",
				"type": "bool"
			}
		],
		"stateMutability": "view",
		"type": "function"
	},
	{
		"inputs": [],
		"name": "owner",
		"outputs": [
			{
				"internalType": "address",
				"name": "",
				"type": "address"
			}
		],
		"stateMutability": "view",
		"type": "function"
	},
	{
		"inputs": [],
		"name": "pauseGame",
		"outputs": [],
		"stateMutability": "nonpayable",
		"type": "function"
	},
	{
		"inputs": [],
		"name": "paused",
		"outputs": [
			{
				"internalType": "bool",
				"name": "",
				"type": "bool"
			}
		],
		"stateMutability": "view",
		"type": "function"
	},
	{
		"inputs": [],
		"name": "readGasParams",
		"outputs": [
			{
				"internalType": "uint256",
				"name": "etherSeconds",
				"type": "uint256"
			},
			{
				"internalType": "uint256",
				"name": "etherBalance",
				"type": "uint256"
			},
			{
				"internalType": "uint256",
				"name": "lastUpdated",
				"type": "uint256"
			},
			{
				"internalType": "enum GasMode",
				"name": "",
				"type": "uint8"
			}
		],
		"stateMutability": "view",
		"type": "function"
	},
	{
		"inputs": [],
		"name": "renounceOwnership",
		"outputs": [],
		"stateMutability": "nonpayable",
		"type": "function"
	},
	{
		"inputs": [
			{
				"internalType": "address",
				"name": "nftContract",
				"type": "address"
			},
			{
				"internalType": "bool",
				"name": "authorized",
				"type": "bool"
			}
		],
		"name": "setAuthorizedNFTContract",
		"outputs": [],
		"stateMutability": "nonpayable",
		"type": "function"
	},
	{
		"inputs": [
			{
				"internalType": "address",
				"name": "_contractDropAddress",
				"type": "address"
			}
		],
		"name": "setContractDropAddress",
		"outputs": [],
		"stateMutability": "nonpayable",
		"type": "function"
	},
	{
		"inputs": [
			{
				"internalType": "address",
				"name": "_location",
				"type": "address"
			},
			{
				"internalType": "address",
				"name": "nftContract",
				"type": "address"
			},
			{
				"internalType": "uint256",
				"name": "nftId",
				"type": "uint256"
			}
		],
		"name": "startHunt",
		"outputs": [
			{
				"internalType": "uint256",
				"name": "",
				"type": "uint256"
			}
		],
		"stateMutability": "nonpayable",
		"type": "function"
	},
	{
		"inputs": [
			{
				"internalType": "address",
				"name": "newOwner",
				"type": "address"
			}
		],
		"name": "transferOwnership",
		"outputs": [],
		"stateMutability": "nonpayable",
		"type": "function"
	},
	{
		"inputs": [],
		"name": "unpauseGame",
		"outputs": [],
		"stateMutability": "nonpayable",
		"type": "function"
	}
]